,School,City,State,Envt_Type,Private_Public,Lat,Long,MD_or_DO,Logo_File_Name,md_apps_all,md_apps_is,md_apps_men,md_apps_oos,md_apps_women,md_mats_all,md_mats_is,md_mats_men,md_mats_oos,md_mats_rate,md_mats_women,mdphd_apps_all,mdphd_apps_is,mdphd_apps_men,mdphd_apps_oos,mdphd_apps_women,mdphd_mats_all,mdphd_mats_is,mdphd_mats_men,mdphd_mats_oos,mdphd_mats_rate,mdphd_mats_women
0,Alabama,Birmingham,AL,Urban,Public,33.50553654,-86.80299731,MD,uab.png,5777.0,10.8,56.4,89.2,43.5,186.0,87.1,52.2,12.9,3.22,47.8,293.0,3.4,46.8,96.6,53.2,10.0,10.0,50.0,90.0,3.41,50.0
1,Albany,Albany,NY,Urban,Private,42.65266528,-73.77778223,MD,albany.png,13739.0,16.2,55.5,83.8,44.4,143.0,33.6,63.6,66.4,1.04,36.4,0.0,0.0,0.0,0.0,0.0,0.0,0.0,0.0,0.0,,0.0
2,Arizona - Tucson,Tuscon,AZ,Suburban,Public,32.24086229,-110.9457405,MD,arizonatucson.png,8634.0,10.1,54.5,89.9,45.4,118.0,84.7,54.2,15.3,1.37,45.8,145.0,9.7,51.7,90.3,48.3,5.0,40.0,40.0,60.0,3.45,60.0
3,Arizona - Phoenix,Phoenix,AZ,Urban,Public,33.45361114,-112.0664016,MD,arizonaphoenix.png,6598.0,13.6,53.7,86.4,46.3,118.0,53.4,50.8,46.6,1.79,49.2,92.0,10.9,55.4,89.1,44.6,1.0,0.0,0.0,100.0,1.09,100.0
4,Arkansas,Little Rock,AR,Urban,Public,34.74914777,-92.32181198,MD,arkansas.png,2962.0,12.9,52.9,87.1,47.0,166.0,97.0,48.2,3.0,5.6,51.8,58.0,19.0,51.7,81.0,48.3,4.0,100.0,50.0,0.0,6.9,50.0
5,Baylor,Houston,TX,Urban,Private,29.71075295,-95.39658487,MD,baylor.png,7698.0,30.4,53.9,69.6,46.0,185.0,85.9,53.0,14.1,2.4,47.0,488.0,15.8,44.7,84.2,55.1,13.0,23.1,46.2,76.9,2.66,53.8
6,Boston,Boston,MA,Urban,Private,42.33645662,-71.07259613,MD,bu.png,12007.0,8.3,57.5,91.7,42.4,151.0,13.9,59.6,86.1,1.26,40.4,476.0,10.1,48.5,89.9,51.5,6.0,16.7,66.7,83.3,1.26,33.3
7,Brown,Providence,RI,Urban,Private,41.81899882,-71.40846424,MD,brown.png,9457.0,1.2,56.7,98.8,43.2,144.0,15.3,47.2,84.7,1.52,52.1,346.0,0.6,48.6,99.4,51.4,3.0,0.0,33.3,100.0,0.87,66.7
8,Buffalo,Buffalo,NY,Urban,Public,42.89967105,-78.86945831,MD,buffalo.png,6108.0,39.2,53.5,60.8,46.4,184.0,88.0,60.9,12.0,3.01,39.1,164.0,22.6,48.2,77.4,51.2,4.0,50.0,50.0,50.0,2.44,50.0
9,City University of New York,New York,NY,Urban,Public,40.82111637,-73.95007972,MD,cuny.jpeg,71.0,100.0,62.0,0.0,38.0,71.0,100.0,62.0,0.0,100.0,38.0,0.0,0.0,0.0,0.0,0.0,0.0,0.0,0.0,0.0,,0.0
10,California University of Science and Medicine,Colton,CA,Suburban,Private,34.07733162,-117.350936,MD,calsci.png,6306.0,63.3,56.1,36.7,43.8,129.0,97.7,48.1,2.3,2.05,51.9,0.0,0.0,0.0,0.0,0.0,0.0,0.0,0.0,0.0,,0.0
11,California Northstate,Elk Grove,CA,Suburban,Private,38.40582439,-121.4812295,MD,calnorthstate.jpeg,5952.0,61.9,55.6,38.1,44.3,110.0,93.6,47.3,6.4,1.85,52.7,0.0,0.0,0.0,0.0,0.0,0.0,0.0,0.0,0.0,,0.0
12,Caribe,Bayamon,PR,Urban,Private,18.36616016,-66.15386695,MD,caribe.png,1112.0,46.5,56.0,53.5,43.9,75.0,92.0,61.3,8.0,6.74,38.7,0.0,0.0,0.0,0.0,0.0,0.0,0.0,0.0,0.0,,0.0
13,Carle Illinois,Urbana,IL,Urban,Public,40.10800864,-88.22921037,MD,carle.png,2471.0,20.4,50.1,79.6,49.8,47.0,21.3,46.8,78.7,1.9,53.2,66.0,30.3,39.4,69.7,59.1,2.0,0.0,50.0,100.0,3.03,50.0
14,Case Western,Cleveland,OH,Urban,Private,41.50495729,-81.62028392,MD,case.png,8830.0,10.1,51.8,89.9,48.1,216.0,15.7,54.6,84.3,2.45,45.4,521.0,7.3,44.0,92.7,55.7,14.0,0.0,64.3,100.0,2.69,35.7
15,Cleveland Clinic Lerner,Cleveland,OH,Urban,Private,41.50446575,-81.62047147,MD,case.png,,,,,,,,,,,,,,,,,,,,,,
16,Central Michigan,Mt Pleasant,MI,Rural,Public,43.59061,-84.77054358,MD,centralmichigan.png,7432.0,21.6,55.3,78.4,44.6,104.0,73.1,56.7,26.9,1.4,43.3,0.0,0.0,0.0,0.0,0.0,0.0,0.0,0.0,0.0,,0.0
17,Rosalind Franklin,North Chicago,IL,Suburban,Private,42.29997706,-87.85941417,MD,rosalind.png,14195.0,11.3,57.8,88.7,42.2,188.0,51.1,51.6,48.9,1.32,48.4,162.0,11.7,50.6,88.3,49.4,0.0,0.0,0.0,0.0,0.0,0.0
18,Chicago,Chicago,IL,Urban,Private,41.79171123,-87.60270689,MD,chicago.png,7361.0,11.8,53.7,88.2,46.2,90.0,22.2,54.4,77.8,1.22,44.4,607.0,7.9,45.8,92.1,54.2,9.0,22.2,33.3,77.8,1.48,66.7
19,Cincinnati,Cincinnati,OH,Urban,Public,39.13858326,-84.50378566,MD,ucincinnati.png,6137.0,20.8,50.6,79.2,49.3,180.0,41.7,52.2,58.3,2.93,47.8,279.0,12.2,41.2,87.8,58.4,9.0,22.2,44.4,77.8,3.23,55.6
20,Colorado,Aurora,CO,Urban,Public,39.74512393,-104.8375507,MD,colorado.png,14106.0,6.1,53.1,93.9,46.8,182.0,46.2,54.4,53.8,1.29,45.6,594.0,3.0,45.1,97.0,54.5,10.0,0.0,50.0,100.0,1.68,50.0
21,Columbia,New York,NY,Urban,Private,40.84167233,-73.94139234,MD,columbia.jpeg,8080.0,15.8,53.9,84.2,46.0,138.0,21.7,50.0,78.3,1.71,50.0,689.0,11.9,47.9,88.1,52.0,14.0,7.1,57.1,92.9,2.03,42.9
22,Connecticut,Farmington,CT,Suburban,Public,41.72990002,-72.79123694,MD,uconn.png,4719.0,13.1,56.2,86.9,43.7,110.0,80.9,60.9,19.1,2.33,39.1,224.0,9.8,49.6,90.2,50.4,8.0,12.5,62.5,87.5,3.57,37.5
23,Cooper Rowan,Camden,NJ,Urban,Public,39.94057278,-75.11969324,MD,cooperrowan.png,6106.0,23.5,58.5,76.5,41.4,111.0,72.1,57.7,27.9,1.82,42.3,44.0,22.7,47.7,77.3,52.3,0.0,0.0,0.0,0.0,0.0,0.0
24,Cornell,New York,NY,Urban,Private,40.76645577,-73.95551274,MD,cornell.png,7924.0,17.7,53.2,82.3,46.6,106.0,23.6,56.6,76.4,1.34,43.4,633.0,13.9,47.6,86.1,52.4,22.0,27.3,54.5,72.7,3.48,45.5
25,Creighton,Omaha,NE,Urban,Private,41.23926791,-96.03049904,MD,creighton.png,7087.0,2.8,48.9,97.2,51.1,230.0,5.7,53.0,94.3,3.25,47.0,48.0,8.3,47.9,91.7,52.1,2.0,50.0,50.0,50.0,4.17,50.0
26,Dartmouth,Hanover,NH,Rural,Private,43.70885205,-72.28506562,MD,dartmouth.png,10515.0,1.2,53.9,98.8,46.0,92.0,9.8,53.3,90.2,0.87,46.7,389.0,0.5,53.2,99.5,46.5,3.0,0.0,66.7,100.0,0.77,33.3
27,Drexel,Philadelphia,PA,Urban,Private,40.01968836,-75.17990075,MD,drexel.jpeg,16682.0,7.7,57.4,92.3,42.5,303.0,31.7,57.1,68.3,1.82,42.6,242.0,12.4,47.5,87.6,51.7,2.0,0.0,50.0,100.0,0.83,50.0
28,Duke,Durham,NC,Urban,Private,36.00545401,-78.93823492,MD,duke.png,9070.0,7.6,53.4,92.4,46.5,123.0,20.3,64.2,79.7,1.36,35.8,701.0,6.3,47.9,93.7,52.1,9.0,0.0,44.4,100.0,1.28,55.6
29,East Carolina,Greenville,NC,Urban,Public,35.60987134,-77.40285074,MD,eastcarolina.png,1209.0,99.8,55.7,0.2,44.2,86.0,100.0,59.3,0.0,7.11,40.7,0.0,0.0,0.0,0.0,0.0,0.0,0.0,0.0,0.0,,0.0
30,East Tennessee,Johnson City,TN,Urban,Public,36.30937269,-82.37905467,MD,easttennessee.png,3099.0,25.5,56.6,74.5,43.2,79.0,83.5,58.2,16.5,2.55,41.8,0.0,0.0,0.0,0.0,0.0,0.0,0.0,0.0,0.0,,0.0
31,Eastern Virginia,Norfolk,VA,Urban,Public,36.86055329,-76.30357084,MD,easternvirginia.png,8872.0,13.9,55.4,86.1,44.5,151.0,51.0,51.7,49.0,1.7,48.3,0.0,0.0,0.0,0.0,0.0,0.0,0.0,0.0,0.0,,0.0
32,Albert Einstein,Bronx,NY,Urban,Private,40.85049577,-73.84598807,MD,einstein.png,9767.0,20.4,52.8,79.6,47.1,183.0,53.6,59.6,46.4,1.87,40.4,550.0,15.6,47.5,84.4,52.4,14.0,35.7,57.1,64.3,2.55,42.9
33,Emory,Atlanta,GA,Suburban,Private,33.79200866,-84.32213671,MD,emory.png,14745.0,7.6,56.0,92.4,43.9,139.0,18.7,71.9,81.3,0.94,28.1,762.0,3.8,49.3,96.2,50.7,13.0,0.0,61.5,100.0,1.71,38.5
34,Florida International,Miami,FL,Urban,Public,25.75820109,-80.37125923,MD,fiu.png,7399.0,40.6,56.8,59.4,43.2,135.0,80.0,64.4,20.0,1.82,35.6,0.0,0.0,0.0,0.0,0.0,0.0,0.0,0.0,0.0,,0.0
35,Florida,Gainesville,FL,Suburban,Public,29.63994491,-82.34350916,MD,uflorida.png,5373.0,52.1,55.7,47.9,44.2,163.0,87.7,52.8,12.3,3.03,47.2,195.0,33.8,44.6,66.2,54.9,9.0,77.8,44.4,22.2,4.62,55.6
36,Florida Atlantic,Boca Raton,FL,Urban,Public,26.37344288,-80.10057159,MD,fau.png,6031.0,43.2,54.7,56.8,45.3,66.0,71.2,51.5,28.8,1.09,48.5,0.0,0.0,0.0,0.0,0.0,0.0,0.0,0.0,0.0,,0.0
37,Florida State,Tallahassee,FL,Urban,Public,30.4459751,-84.30561064,MD,floridastate.png,8152.0,39.2,58.1,60.8,41.8,120.0,97.5,54.2,2.5,1.47,45.8,0.0,0.0,0.0,0.0,0.0,0.0,0.0,0.0,0.0,,0.0
38,Geisinger Commonwealth,Scranton,PA,Urban,Private,41.41341651,-75.65543557,MD,geisinger.jpeg,7030.0,15.6,57.5,84.4,42.4,114.0,70.2,50.9,29.8,1.62,49.1,0.0,0.0,0.0,0.0,0.0,0.0,0.0,0.0,0.0,,0.0
39,George Washington,Washington,DC,Urban,Private,38.90014437,-77.05124954,MD,gw.png,16825.0,0.5,58.9,99.5,41.0,183.0,2.7,60.7,97.3,1.09,39.3,0.0,0.0,0.0,0.0,0.0,0.0,0.0,0.0,0.0,,0.0
40,Georgetown,Washington,DC,Urban,Private,38.91195166,-77.07694461,MD,georgetown.png,17882.0,0.4,56.8,99.6,43.1,203.0,2.5,57.6,97.5,1.14,42.4,361.0,0.8,49.0,99.2,50.7,5.0,0.0,20.0,100.0,1.39,80.0
41,Hackensack Meridian,Nutley,NJ,Suburban,Private,40.83382472,-74.15497891,MD,hackensackmeridian.jpeg,6069.0,21.3,54.3,78.7,45.6,157.0,58.6,48.4,41.4,2.59,51.6,0.0,0.0,0.0,0.0,0.0,0.0,0.0,0.0,0.0,,0.0
42,Harvard,Boston,MA,Urban,Private,42.33569831,-71.10417864,MD,harvard.png,9195.0,7.4,51.5,92.6,48.4,164.0,13.4,51.2,86.6,1.78,48.8,845.0,9.1,47.0,90.9,52.9,15.0,26.7,60.0,73.3,1.78,40.0
43,Hawaii,Honolulu,HI,Urban,Public,21.29670471,-157.8633615,MD,uhi.png,2893.0,9.4,56.2,90.6,43.7,77.0,79.2,63.6,20.8,2.66,36.4,0.0,0.0,0.0,0.0,0.0,0.0,0.0,0.0,0.0,,0.0
44,Houston,Houston,TX,Urban,Public,29.71748685,-95.33975812,MD,uhouston.png,5941.0,80.1,54.0,19.9,45.9,30.0,96.7,66.7,3.3,0.5,33.3,0.0,0.0,0.0,0.0,0.0,0.0,0.0,0.0,0.0,,0.0
45,Howard,Washington,DC,Urban,Private,38.91911982,-77.02001682,MD,howard.png,11211.0,0.5,64.1,99.5,35.8,122.0,4.1,54.1,95.9,1.09,45.9,148.0,0.7,55.4,99.3,44.6,0.0,0.0,0.0,0.0,0.0,0.0
46,Illinois,Chicago,IL,Urban,Public,41.87134332,-87.67347924,MD,uic.png,7575.0,26.6,56.1,73.4,43.9,315.0,69.2,56.5,30.8,4.16,43.5,384.0,14.8,47.1,85.2,52.6,15.0,40.0,60.0,60.0,3.91,40.0
47,Indiana,Indianapolis,IN,Urban,Public,39.77558726,-86.17844781,MD,indiana.png,7233.0,12.2,49.6,87.8,50.4,366.0,86.3,51.6,13.7,5.06,48.1,292.0,4.8,40.4,95.2,59.2,5.0,20.0,80.0,80.0,1.71,20.0
48,Iowa,Iowa City,IA,Suburban,Public,41.66285063,-91.54537108,MD,iowa.jpeg,4188.0,8.1,47.3,91.9,52.6,152.0,66.4,46.7,33.6,3.63,52.6,249.0,7.6,41.8,92.4,57.8,8.0,25.0,62.5,75.0,3.21,37.5
49,Jefferson,Philadelphia,PA,Urban,Private,39.94885427,-75.15787824,MD,jefferson.jpeg,11768.0,10.7,54.6,89.3,45.3,275.0,28.7,50.9,71.3,2.34,48.7,227.0,11.9,50.7,88.1,48.9,5.0,60.0,0.0,40.0,2.2,100.0
50,Johns Hopkins,Balitmore,MD,Urban,Private,39.29924898,-76.59325119,MD,jhu.png,7045.0,6.6,51.3,93.4,48.6,120.0,8.3,58.3,91.7,1.7,41.7,678.0,7.8,46.3,92.2,53.5,12.0,16.7,41.7,83.3,1.77,58.3
51,Kaiser Permanente,Pasadena,CA,Urban,Private,34.14437838,-118.1408794,MD,kaiser.jpeg,11583.0,44.0,58.2,56.0,41.7,50.0,52.0,52.0,48.0,0.43,48.0,195.0,47.7,48.2,52.3,51.8,0.0,0.0,0.0,0.0,0.0,0.0
52,Kansas,Kansas City,KS,Urban,Public,39.05636666,-94.6113987,MD,ukansas.png,3274.0,17.1,52.5,82.9,47.4,211.0,86.3,51.7,13.7,6.44,48.3,97.0,10.3,42.3,89.7,57.7,5.0,0.0,20.0,100.0,5.15,80.0
53,Kentucky,Lexington,KY,Urban,Public,38.03126939,-84.50743926,MD,kentucky.png,3792.0,15.6,52.6,84.4,47.4,201.0,82.6,60.2,17.4,5.3,39.8,102.0,6.9,52.0,93.1,47.1,5.0,20.0,60.0,80.0,4.9,40.0
54,LSU - New Orleans,New Orleans,LA,Urban,Public,29.95663334,-90.08364354,MD,lsunola.png,4698.0,16.1,57.2,83.9,42.7,192.0,91.7,61.5,8.3,4.09,38.0,87.0,14.9,55.2,85.1,44.8,5.0,60.0,60.0,40.0,5.75,40.0
55,LSU - Shreveport,Shreveport,LA,Urban,Public,32.48086153,-93.76082135,MD,lsushreveport.png,5667.0,12.5,57.4,87.5,42.6,150.0,94.0,54.0,6.0,2.65,46.0,60.0,13.3,48.3,86.7,51.7,2.0,100.0,0.0,0.0,3.33,100.0
56,Loma Linda,Loma Linda,CA,Suburban,Private,34.05056712,-117.2641768,MD,lomalinda.png,6862.0,42.9,54.5,57.1,45.4,176.0,50.0,49.4,50.0,2.56,50.6,86.0,41.9,52.3,58.1,47.7,3.0,33.3,66.7,66.7,3.49,33.3
57,Louisville,Louisville,KY,Urban,Public,38.25001659,-85.74776272,MD,louisville.png,5117.0,10.2,51.2,89.8,48.7,161.0,72.7,57.1,27.3,3.15,42.9,82.0,4.9,46.3,95.1,53.7,2.0,0.0,0.0,100.0,2.44,100.0
58,Loyola,Maywood,IL,Urban,Private,41.85829799,-87.83598422,MD,loyola.png,16039.0,11.2,57.4,88.8,42.6,170.0,22.4,70.6,77.6,1.06,29.4,179.0,15.6,55.3,84.4,44.7,4.0,0.0,50.0,100.0,2.23,50.0
59,Medical College of Georgia,Augusta,GA,Urban,Public,33.47073079,-81.98991494,MD,mcgeorgia.png,3402.0,45.0,58.5,55.0,41.4,260.0,98.5,57.7,1.5,7.64,42.3,0.0,0.0,0.0,0.0,0.0,0.0,0.0,0.0,0.0,,0.0
60,Medical College of Wisconsin,Milwaukee,WI,Suburban,Private,43.04372929,-88.02129388,MD,mcw.png,11145.0,7.4,52.8,92.6,47.1,265.0,54.7,58.1,45.3,2.38,41.9,248.0,9.3,49.6,90.7,50.0,8.0,37.5,50.0,62.5,3.23,50.0
61,Medical University of South Carolina,Charleston,SC,Urban,Public,32.78492291,-79.94842047,MD,musc.jpeg,3804.0,17.4,57.5,82.6,42.4,169.0,89.3,58.6,10.7,4.44,41.4,211.0,2.8,51.7,97.2,48.3,6.0,16.7,83.3,83.3,2.84,16.7
62,Marshall,Huntington,WV,Rural,Public,38.4094357,-82.42633224,MD,marshall.png,2322.0,8.6,54.2,91.4,45.7,80.0,78.8,52.5,21.3,3.45,46.3,30.0,6.7,56.7,93.3,40.0,2.0,0.0,50.0,100.0,6.67,0.0
63,Maryland,Baltimore,MD,Urban,Public,39.2890265,-76.62580087,MD,umd.jpeg,6241.0,18.6,55.5,81.4,44.4,140.0,83.6,67.1,16.4,2.24,32.9,361.0,15.2,49.6,84.8,50.1,6.0,66.7,50.0,33.3,1.66,50.0
64,Massachussetts,Worcester,MA,Urban,Public,42.27835412,-71.76278217,MD,umass.png,5164.0,23.5,57.1,76.5,42.7,162.0,66.0,68.5,34.0,3.14,31.5,359.0,13.4,46.5,86.6,53.5,11.0,36.4,90.9,63.6,3.06,9.1
65,Mayo,Rochester,MN,Urban,Private,44.02244028,-92.46689147,MD,mayo.png,5323.0,6.7,47.4,93.3,52.4,106.0,10.4,53.8,89.6,1.99,46.2,359.0,4.5,44.3,95.5,55.4,11.0,0.0,45.5,100.0,3.06,54.5
66,Meharry,Nashville,TN,Urban,Private,36.16708245,-86.80774576,MD,meharry.jpeg,9597.0,4.2,64.4,95.8,35.5,114.0,20.2,64.0,79.8,1.19,35.1,103.0,8.7,57.3,91.3,42.7,1.0,0.0,100.0,100.0,0.97,0.0
67,Mercer,Macon,GA,Urban,Private,32.82786148,-83.64777247,MD,mercer.png,1515.0,99.9,58.9,0.1,41.0,151.0,100.0,60.3,0.0,9.97,39.7,0.0,0.0,0.0,0.0,0.0,0.0,0.0,0.0,0.0,,0.0
68,Miami,Miami,FL,Urban,Private,25.79044478,-80.21203576,MD,miami.jpeg,11393.0,23.0,54.7,77.0,45.3,205.0,48.8,60.0,51.2,1.8,40.0,343.0,17.5,48.4,82.5,51.6,10.0,0.0,40.0,100.0,2.92,60.0
69,Michigan,Ann Arbor,MI,Urban,Public,42.28407348,-83.73258873,MD,umich.png,10624.0,13.5,52.1,86.5,47.9,170.0,38.2,62.9,61.8,1.6,37.1,584.0,5.5,45.0,94.5,54.8,16.0,25.0,56.3,75.0,2.74,43.8
70,Michigan State,East Lansing,MI,Urban,Public,42.97096977,-85.66834287,MD,msu.png,11405.0,16.4,55.0,83.6,44.9,190.0,84.7,58.9,15.3,1.67,41.1,129.0,10.1,44.2,89.9,55.0,0.0,0.0,0.0,0.0,0.0,0.0
71,Minnesota,Minneapolis,MN,Urban,Public,44.97266361,-93.23347644,MD,minnesota.png,6961.0,16.5,54.7,83.5,45.3,239.0,78.2,64.4,21.8,3.43,35.6,454.0,6.4,46.0,93.6,53.7,9.0,0.0,55.6,100.0,1.98,44.4
72,Mississippi,Jackson,MS,Suburban,Public,32.3311145,-90.17116725,MD,mississippi.jpeg,446.0,99.1,54.9,0.9,45.1,165.0,100.0,52.1,0.0,37.0,47.9,4.0,100.0,75.0,0.0,25.0,0.0,0.0,0.0,0.0,0.0,0.0
73,Missouri - Columbia,Columbia,MO,Suburban,Public,38.93826613,-92.32842202,MD,missouricolumbia.jpeg,3156.0,22.8,55.3,77.2,44.6,128.0,88.3,56.3,11.7,4.06,43.8,70.0,15.7,51.4,84.3,48.6,1.0,0.0,100.0,100.0,1.43,0.0
74,Missouri - Kansas City,Kansas City,MO,Urban,Public,39.08322024,-94.57517113,MD,missourikansascity.png,2033.0,17.4,51.5,82.6,48.5,146.0,63.7,67.1,36.3,7.18,32.9,0.0,0.0,0.0,0.0,0.0,0.0,0.0,0.0,0.0,,0.0
75,Morehouse,Atlanta,GA,Urban,Private,33.74281888,-84.41200106,MD,morehouse.png,8393.0,11.7,63.4,88.3,36.5,110.0,61.8,54.5,38.2,1.31,45.5,88.0,5.7,58.0,94.3,42.0,0.0,0.0,0.0,0.0,0.0,0.0
76,Mount Sinai,New York,NY,Urban,Private,40.78873715,-73.95261715,MD,mtsinai.png,8811.0,18.6,54.6,81.4,45.2,120.0,31.7,50.8,68.3,1.36,49.2,538.0,14.7,48.7,85.3,51.1,7.0,28.6,57.1,71.4,1.3,42.9
77,New York University - Long Island,Mineola,NY,Suburban,Private,40.7416533,-73.64049143,MD,nyugrossman.jpeg,4332.0,29.6,60.8,70.4,39.1,24.0,62.5,62.5,37.5,0.55,37.5,0.0,0.0,0.0,0.0,0.0,0.0,0.0,0.0,0.0,,0.0
78,New York University - Grossman,New York,NY,Urban,Private,40.74229524,-73.97406572,MD,nyulongisland.png,9632.0,15.0,56.9,85.0,43.0,108.0,14.8,56.5,85.2,1.12,43.5,521.0,12.9,46.8,87.1,53.0,16.0,18.8,31.3,81.3,3.07,68.8
79,Nebraska,Omaha,NE,Urban,Public,41.25434389,-95.97572239,MD,unebraska.png,1908.0,15.8,49.8,84.2,50.1,133.0,81.2,48.9,18.8,6.97,51.1,84.0,10.7,51.2,89.3,48.8,4.0,25.0,100.0,75.0,4.76,0.0
80,Nevada Reno,Reno,NV,Urban,Public,39.54906375,-119.8140505,MD,unr.png,1635.0,20.2,50.8,79.8,49.2,70.0,85.7,54.3,14.3,4.28,45.7,0.0,0.0,0.0,0.0,0.0,0.0,0.0,0.0,0.0,,0.0
81,New Mexico,Albuquerque,NM,Urban,Public,35.08997587,-106.6198533,MD,unm.png,1767.0,14.1,55.5,85.9,44.5,103.0,93.2,68.9,6.8,5.83,31.1,19.0,31.6,47.4,68.4,52.6,1.0,100.0,100.0,0.0,5.26,0.0
82,New York Medical College,Valhalla,NY,Suburban,Private,41.08482177,-73.80916041,MD,nymc.png,15110.0,16.9,56.5,83.1,43.4,211.0,53.1,48.8,46.9,1.4,51.2,0.0,0.0,0.0,0.0,0.0,0.0,0.0,0.0,0.0,,0.0
83,North Carolina,Chapel Hill,NC,Suburban,Public,35.90625532,-79.05231483,MD,unc.png,6486.0,18.7,55.1,81.3,44.9,190.0,85.3,60.0,14.7,2.93,40.0,507.0,7.5,48.7,92.5,51.3,13.0,30.8,38.5,69.2,2.56,61.5
84,North Dakota,Grand Forks,ND,Urban,Public,47.92471998,-97.06743065,MD,und.png,2063.0,5.5,52.8,94.5,47.1,73.0,46.6,61.6,53.4,3.54,38.4,0.0,0.0,0.0,0.0,0.0,0.0,0.0,0.0,0.0,,0.0
85,Northeast Ohio,Rootstown,OH,Rural,Public,41.10403948,-81.24396032,MD,neohio.png,4669.0,23.6,56.1,76.4,43.9,158.0,71.5,47.5,28.5,3.38,52.5,0.0,0.0,0.0,0.0,0.0,0.0,0.0,0.0,0.0,,0.0
86,Northwestern,Chicago,IL,Urban,Private,41.89662317,-87.61971027,MD,northwestern.png,8202.0,11.9,53.0,88.1,46.9,160.0,18.8,56.3,81.3,1.95,43.8,678.0,6.6,47.1,93.4,52.8,15.0,0.0,46.7,100.0,2.21,53.3
87,Nova Southeastern,Davie,FL,Urban,Private,26.08176466,-80.24978124,MD,novasoutheastern.jpeg,6197.0,36.8,57.0,63.2,43.0,51.0,54.9,51.0,45.1,0.82,49.0,0.0,0.0,0.0,0.0,0.0,0.0,0.0,0.0,0.0,,0.0
88,Oakland,Rochester,MI,Suburban,Public,42.67455327,-83.21533935,MD,oakland.png,8148.0,20.3,54.2,79.7,45.7,125.0,51.2,59.2,48.8,1.53,40.8,0.0,0.0,0.0,0.0,0.0,0.0,0.0,0.0,0.0,,0.0
89,Ohio State,Columbus,OH,Urban,Public,39.994247,-83.01686715,MD,osu.jpeg,8206.0,17.1,50.2,82.9,49.7,203.0,62.1,54.7,37.9,2.47,45.3,354.0,14.1,43.2,85.9,56.8,7.0,14.3,71.4,85.7,1.98,28.6
90,Oklahoma,Oklahoma City,OK,Urban,Public,35.47986587,-97.49549623,MD,uoklahoma.jpeg,2759.0,16.2,53.4,83.8,46.5,163.0,95.7,46.0,4.3,5.91,54.0,44.0,11.4,45.5,88.6,54.5,1.0,100.0,0.0,0.0,2.27,100.0
91,Oregon Health and Science,Portland,OR,Urban,Public,45.49983013,-122.6875087,MD,ohsu.png,7504.0,8.2,55.7,91.8,44.1,140.0,70.7,66.4,29.3,1.87,33.6,465.0,6.0,51.4,94.0,48.2,8.0,0.0,62.5,100.0,1.72,37.5
92,Penn State,Hershey,PA,Suburban,Public,40.8204406,-77.84527752,MD,pennstate.png,12882.0,10.1,55.3,89.9,44.6,151.0,53.0,63.6,47.0,1.17,36.4,334.0,11.4,47.3,88.6,52.1,8.0,12.5,37.5,87.5,2.4,62.5
93,Pennsylvania,Philadelphia,PA,Urban,Private,39.94772627,-75.19264095,MD,upenn.png,7327.0,8.9,52.3,91.1,47.6,156.0,12.8,52.6,87.2,2.13,46.8,794.0,6.8,48.0,93.2,51.9,28.0,10.7,53.6,89.3,3.53,46.4
94,Pittsburgh,Pittsburgh,PA,Urban,Private,40.44325901,-79.96123831,MD,upitt.png,8600.0,11.8,51.6,88.2,48.3,158.0,40.5,57.6,59.5,1.84,42.4,607.0,7.6,44.5,92.4,55.2,15.0,20.0,40.0,80.0,2.47,60.0
95,Ponce Health Sciences,Ponce,PR,Urban,Private,17.99365997,-66.61969395,MD,ponce.png,1760.0,35.8,56.8,64.2,43.0,150.0,77.3,65.3,22.7,8.52,34.7,0.0,0.0,0.0,0.0,0.0,0.0,0.0,0.0,0.0,,0.0
96,University of Puerto Rico,San Juan,PR,Urban,Public,18.39650882,-66.07444562,MD,upr.png,999.0,52.7,57.3,47.3,42.6,102.0,99.0,52.9,1.0,10.21,47.1,0.0,0.0,0.0,0.0,0.0,0.0,0.0,0.0,0.0,,0.0
97,Quinnipiac,Hamden,CT,Suburban,Private,41.41380565,-72.83864441,MD,quinnipiac.png,9211.0,5.2,56.8,94.8,43.1,94.0,33.0,62.8,67.0,1.02,37.2,0.0,0.0,0.0,0.0,0.0,0.0,0.0,0.0,0.0,,0.0
98,Stony Brook,Stony Brook,NY,Suburban,Public,40.90858354,-73.11494071,MD,sbu.png,5876.0,40.8,54.1,59.2,45.8,136.0,70.6,54.4,29.4,2.31,45.6,315.0,25.1,47.6,74.9,51.7,8.0,25.0,50.0,75.0,2.54,50.0
99,Rochester,Rochester,NY,Suburban,Private,43.12320658,-77.62698325,MD,rochester.png,6551.0,22.5,51.9,77.5,48.0,104.0,33.7,56.7,66.3,1.59,43.3,309.0,16.2,44.0,83.8,55.3,7.0,0.0,42.9,100.0,2.27,57.1
100,Rush,Chicago,IL,Urban,Private,41.87366518,-87.66957445,MD,rush.png,11572.0,13.2,57.9,86.8,42.0,152.0,28.3,50.7,71.7,1.31,49.3,0.0,0.0,0.0,0.0,0.0,0.0,0.0,0.0,0.0,,0.0
101,Rutgers - New Jersey,Newark,NJ,Urban,Public,40.7401451,-74.18965604,MD,rutgers.png,6728.0,26.0,57.9,74.0,42.1,178.0,82.6,50.6,17.4,2.65,49.4,175.0,16.0,46.3,84.0,53.1,5.0,60.0,40.0,40.0,2.86,60.0
102,Rutgers - Robert Wood Johnson,Piscataway,NJ,Suburban,Public,40.49477185,-74.44918811,MD,rutgertsrwj.jpeg,6424.0,26.6,58.5,73.4,41.5,165.0,80.0,63.6,20.0,2.57,36.4,259.0,13.9,48.6,86.1,51.4,4.0,25.0,75.0,75.0,1.54,25.0
103,SUNY Downstate,Brooklyn,NY,Urban,Public,40.65508518,-73.94662784,MD,sunydownstate.jpeg,6682.0,43.0,57.3,57.0,42.5,199.0,87.4,50.3,12.6,2.98,49.7,139.0,40.3,41.0,59.7,59.0,3.0,100.0,66.7,0.0,2.16,33.3
104,SUNY Upstate,Syracus,NY,Urban,Public,43.04232893,-76.13959794,MD,sunyupstate.png,5717.0,44.1,55.7,55.9,44.2,171.0,72.5,54.4,27.5,2.99,45.6,143.0,34.3,55.2,65.7,44.1,6.0,16.7,50.0,83.3,4.2,50.0
105,Saint Louis,Saint Louis,MO,Urban,Private,38.62252163,-90.23783766,MD,slu.png,8218.0,6.4,51.3,93.6,48.7,180.0,19.4,52.2,80.6,2.19,47.8,129.0,7.8,46.5,92.2,52.7,3.0,66.7,33.3,33.3,2.33,66.7
106,San Juan Bautista,Caguas,PR,Rural,Private,18.21996552,-66.05118878,MD,sanjuanbatista.png,1473.0,32.0,58.4,68.0,41.5,63.0,57.1,46.0,42.9,4.28,52.4,0.0,0.0,0.0,0.0,0.0,0.0,0.0,0.0,0.0,,0.0
107,South Alabama,Mobile,AL,Suburban,Public,30.69913235,-88.17713087,MD,southalabama.png,1830.0,29.3,53.7,70.7,46.2,74.0,93.2,60.8,6.8,4.04,39.2,0.0,0.0,0.0,0.0,0.0,0.0,0.0,0.0,0.0,,0.0
108,South Carolina - Columbia,Columbia,SC,Urban,Public,33.97861045,-80.96284421,MD,southcarolinacolumba.png,3125.0,17.8,56.9,82.2,43.0,100.0,76.0,47.0,24.0,3.2,53.0,23.0,8.7,52.2,91.3,47.8,0.0,0.0,0.0,0.0,0.0,0.0
109,South Carolina - Greenville,Greenville,SC,Urban,Public,34.82151566,-82.41142014,MD,southcarolinagreenville.jpeg,3844.0,16.0,59.2,84.0,40.7,108.0,64.8,62.0,35.2,2.81,38.0,0.0,0.0,0.0,0.0,0.0,0.0,0.0,0.0,0.0,,0.0
110,South Dakota,Sioux Falls,SD,Rural,Public,42.78235415,-96.92846412,MD,southdakota.png,1004.0,13.9,50.8,86.1,49.1,68.0,66.2,52.9,33.8,6.77,47.1,35.0,2.9,57.1,97.1,42.9,2.0,50.0,100.0,50.0,5.71,0.0
111,University of Southern California,Los Angeles,CA,Urban,Private,34.06124435,-118.2057365,MD,usc.jpeg,9541.0,50.5,54.3,49.5,45.6,186.0,82.8,57.5,17.2,1.95,42.5,408.0,40.2,47.5,59.8,52.5,5.0,60.0,40.0,40.0,1.23,60.0
112,Southern Illinois,Springfield,IL,Urban,Public,39.81022974,-89.65755182,MD,siu.jpeg,1284.0,96.8,55.4,3.2,44.6,78.0,100.0,61.5,0.0,6.07,38.5,0.0,0.0,0.0,0.0,0.0,0.0,0.0,0.0,0.0,,0.0
113,Stanford,Stanford,CA,Suburban,Private,37.43191211,-122.1758439,MD,stanford.png,11321.0,30.0,54.4,70.0,45.5,90.0,32.2,47.8,67.8,0.79,52.2,819.0,24.3,46.0,75.7,54.0,10.0,40.0,50.0,60.0,1.22,50.0
114,Texas Christian University,Fort Worth,TX,Urban,Private,32.74980618,-97.36939131,MD,tcu.jpeg,8190.0,22.2,54.7,77.8,45.3,60.0,38.3,50.0,61.7,0.73,50.0,0.0,0.0,0.0,0.0,0.0,0.0,0.0,0.0,0.0,,0.0
115,Temple,Philadelphia,PA,Urban,Private,40.00695649,-75.15220857,MD,temple.png,14587.0,9.5,57.1,90.5,42.8,219.0,40.6,59.4,59.4,1.5,40.2,217.0,13.8,49.3,86.2,50.7,4.0,50.0,75.0,50.0,1.84,25.0
116,Tennessee,Memphis,TN,Urban,Public,35.14066616,-90.03060505,MD,utennessee.png,3049.0,28.5,55.1,71.5,44.8,176.0,93.8,50.0,6.3,5.77,50.0,35.0,25.7,51.4,74.3,48.6,0.0,0.0,0.0,0.0,0.0,0.0
117,Texas A&M,Bryan,TX,Rural,Public,30.59836433,-96.39434651,MD,tamu.png,6647.0,74.6,53.4,25.4,46.5,226.0,83.2,46.9,16.8,3.4,53.1,155.0,43.9,46.5,56.1,53.5,6.0,50.0,50.0,50.0,3.87,50.0
118,Texas Tech - Lubbock,Lubbock,TX,Urban,Public,33.59011545,-101.8909685,MD,texastechlubbock.png,5989.0,80.7,53.0,19.3,46.9,180.0,93.3,48.3,6.7,3.01,51.7,70.0,50.0,51.4,50.0,48.6,0.0,0.0,0.0,0.0,0.0,0.0
119,Texas Tech - Foster,El Paso,TX,Urban,Public,31.77199725,-106.4309553,MD,texastechelpaso.png,5494.0,81.3,53.0,18.7,46.9,117.0,88.9,53.0,11.1,2.13,47.0,0.0,0.0,0.0,0.0,0.0,0.0,0.0,0.0,0.0,,0.0
120,Toledo,Toledo,OH,Urban,Public,41.61954627,-83.61711367,MD,toledo.png,6673.0,19.9,53.7,80.1,46.2,175.0,74.3,50.9,25.7,2.62,49.1,70.0,25.7,48.6,74.3,51.4,6.0,66.7,33.3,33.3,8.57,66.7
121,Tufts,Boston,MA,Urban,Private,42.3506081,-71.06293624,MD,tufts.png,15440.0,7.9,57.7,92.1,42.2,195.0,22.1,57.9,77.9,1.26,42.1,495.0,11.3,48.5,88.7,51.3,3.0,33.3,66.7,66.7,0.61,33.3
122,Tulane,New Orleans,LA,Urban,Private,29.95493669,-90.07690683,MD,tulane.png,17225.0,2.8,58.5,97.2,41.4,190.0,16.8,51.6,83.2,1.1,48.4,160.0,8.8,58.1,91.3,41.9,2.0,0.0,100.0,100.0,1.25,0.0
123,Washington,Seattle,WA,Urban,Public,47.65064361,-122.3094118,MD,uwash.png,9577.0,12.6,55.8,87.4,44.1,270.0,53.3,56.3,46.7,2.82,43.3,715.0,6.2,50.3,93.8,49.2,10.0,20.0,50.0,80.0,1.4,50.0
124,University of California Davis,Sacramento,CA,Urban,Public,38.55314798,-121.4525906,MD,ucdavis.jpeg,9709.0,62.5,56.6,37.5,43.3,132.0,95.5,68.2,4.5,1.36,31.8,325.0,44.9,53.2,55.1,46.8,3.0,100.0,100.0,0.0,0.92,0.0
125,University of California Irvine,Irvine,CA,Urban,Public,33.64439917,-117.8518234,MD,ucirvine.png,7457.0,72.6,53.9,27.4,46.0,104.0,88.5,60.6,11.5,1.39,39.4,415.0,44.3,46.3,55.7,53.7,7.0,57.1,57.1,42.9,1.69,42.9
126,University of California Riverside,Riverside,CA,Suburban,Public,33.97361854,-117.3240748,MD,ucriverside.png,6771.0,77.5,55.7,22.5,44.2,86.0,98.8,62.8,1.2,1.27,37.2,0.0,0.0,0.0,0.0,0.0,0.0,0.0,0.0,0.0,,0.0
127,University of California San Diego,Lo Jolla,CA,Suburban,Public,32.8746033,-117.2360668,MD,ucsd.png,9348.0,56.7,54.4,43.3,45.5,138.0,80.4,63.0,19.6,1.48,37.0,623.0,30.5,46.2,69.5,53.6,10.0,50.0,40.0,50.0,1.61,60.0
128,University of California San Francisco,San Francisco,CA,Urban,Public,37.76283333,-122.4597295,MD,ucsf.png,9880.0,46.3,54.9,53.7,45.0,177.0,78.5,53.7,21.5,1.79,46.3,692.0,26.3,47.3,73.7,52.5,11.0,63.6,36.4,36.4,1.59,63.6
129,Univesity of Central Florida,Orlando,FL,Suburban,Public,28.36748977,-81.28014913,MD,ucf.png,5932.0,47.2,53.9,52.8,46.0,120.0,65.8,50.0,34.2,2.02,50.0,72.0,43.1,45.8,56.9,52.8,1.0,100.0,0.0,0.0,1.39,100.0
130,University of California Los Angeles,Los Angeles,CA,Urban,Public,34.06438924,-118.4424421,MD,ucla.png,14325.0,45.8,55.7,54.2,44.3,175.0,60.0,54.9,40.0,1.22,45.1,652.0,29.0,45.4,71.0,54.4,14.0,57.1,42.9,42.9,2.15,57.1
131,University of Nevada Las Vegas,Las Vegas,NV,Urban,Public,36.15959703,-115.1694228,MD,unlv.jpeg,1998.0,16.1,50.5,83.9,49.4,60.0,83.3,56.7,16.7,3.0,43.3,0.0,0.0,0.0,0.0,0.0,0.0,0.0,0.0,0.0,,0.0
132,University of South Florida,Tampa,FL,Urban,Public,28.06411907,-82.42292105,MD,usf.png,6384.0,44.8,55.1,55.2,44.9,177.0,46.9,53.1,53.1,2.77,46.9,104.0,42.3,42.3,57.7,56.7,1.0,0.0,0.0,100.0,0.96,100.0
133,University of Texas - Austin,Austin,TX,Urban,Public,30.27560931,-97.73347454,MD,utdell.jpeg,6188.0,77.9,53.9,22.1,46.0,50.0,98.0,58.0,2.0,0.81,42.0,0.0,0.0,0.0,0.0,0.0,0.0,0.0,0.0,0.0,,0.0
134,University of Texas - Houston,Houston,TX,Urban,Public,29.71321923,-95.39770944,MD,uthmcgovern.png,6641.0,76.6,53.6,23.4,46.3,240.0,95.0,52.5,5.0,3.61,47.5,255.0,36.1,44.7,63.9,55.3,5.0,40.0,40.0,60.0,1.96,60.0
135,University of Texas - Medical Branch,Galveston,TX,Suburban,Public,29.31082729,-94.7770078,MD,utmb.png,6243.0,80.2,53.5,19.8,46.5,230.0,92.6,50.4,7.4,3.68,49.6,137.0,50.4,48.2,49.6,51.8,5.0,80.0,60.0,20.0,3.65,40.0
136,University of Texas - Rio Grande,Edinburg,TX,Suburban,Public,26.30768214,-98.17452146,MD,utriogrande.jpeg,5392.0,82.0,53.4,18.0,46.5,56.0,96.4,41.1,3.6,1.04,58.9,0.0,0.0,0.0,0.0,0.0,0.0,0.0,0.0,0.0,,0.0
137,University of Texas - San Antonio,San Antonio,TX,Urban,Public,29.51048532,-98.57544234,MD,uthscsa.jpeg,6513.0,77.0,53.6,23.0,46.3,214.0,85.5,47.7,14.5,3.29,51.9,270.0,31.9,47.8,68.1,52.2,6.0,50.0,33.3,50.0,2.22,66.7
138,University of Texas - Southwestern,Dallas,TX,Urban,Public,32.81218854,-96.84026575,MD,utsw.png,6526.0,75.0,53.1,25.0,46.8,231.0,90.9,54.5,9.1,3.54,45.0,372.0,29.8,43.3,70.2,56.7,8.0,75.0,37.5,25.0,2.15,62.5
139,Uniformed Services,Bethesda,MD,Suburban,Public,39.00197605,-77.08674104,MD,uniformedservices.jpeg,3298.0,7.0,46.0,93.0,53.8,174.0,10.9,47.7,89.1,5.28,52.3,54.0,13.0,33.3,87.0,66.7,2.0,100.0,0.0,0.0,3.7,100.0
140,Utah,Salt Lake City,UT,Urban,Public,40.76999751,-111.8357056,MD,uu.png,3805.0,16.8,46.4,83.2,53.5,125.0,68.8,59.2,31.2,3.29,40.8,186.0,10.8,43.5,89.2,55.9,8.0,25.0,37.5,75.0,4.3,62.5
141,Vanderbilt,Nashville,TN,Urban,Private,36.1423894,-86.80252724,MD,vanderbilt.jpeg,7408.0,5.0,54.0,95.0,46.0,95.0,10.5,52.6,89.5,1.28,47.4,612.0,2.6,50.5,97.4,49.5,16.0,6.3,43.8,93.8,2.61,56.3
142,Vermont,Burlington,VT,Suburban,Public,44.47841734,-73.19367833,MD,uvm.png,8814.0,1.0,54.1,99.0,45.7,124.0,24.2,54.8,75.8,1.41,43.5,0.0,0.0,0.0,0.0,0.0,0.0,0.0,0.0,0.0,,0.0
143,Virginia,Charlottesville,VA,Suburban,Public,38.03180185,-78.5009733,MD,uva.png,6628.0,14.2,51.2,85.8,48.7,159.0,43.4,56.6,56.6,2.4,43.4,373.0,7.5,45.6,92.5,54.2,9.0,22.2,22.2,77.8,2.41,77.8
144,Virginia Commonwealth,Richmond,VA,Urban,Public,37.53994337,-77.43029819,MD,vcu.png,8154.0,15.7,55.3,84.3,44.6,186.0,53.8,57.5,46.2,2.28,41.9,192.0,12.0,50.5,88.0,49.5,5.0,60.0,100.0,40.0,2.6,0.0
145,Virginia Tech,Roanoke,VA,Urban,Public,37.2578443,-79.94266287,MD,vtech.jpeg,6402.0,13.5,54.2,86.5,45.7,49.0,24.5,55.1,75.5,0.77,44.9,0.0,0.0,0.0,0.0,0.0,0.0,0.0,0.0,0.0,,0.0
146,Wake Forest,Winstom Salem,NC,Urban,Private,36.10036292,-80.23984684,MD,wake.png,10863.0,9.2,53.9,90.8,46.0,145.0,29.7,62.8,70.3,1.33,37.2,0.0,0.0,0.0,0.0,0.0,0.0,0.0,0.0,0.0,,0.0
147,Washington State,Spokane,WA,Urban,Public,47.6615214,-117.4058027,MD,wsu.png,1755.0,55.6,55.2,44.4,44.7,80.0,91.3,50.0,8.8,4.56,50.0,0.0,0.0,0.0,0.0,0.0,0.0,0.0,0.0,0.0,,0.0
148,Washington University Saint Louis,St. Louis,MO,Urban,Private,38.637805,-90.26330844,MD,wustl.png,5668.0,4.8,49.8,95.2,50.1,123.0,12.2,48.8,87.8,2.17,50.4,575.0,3.1,48.7,96.9,51.3,30.0,6.7,56.7,93.3,5.22,43.3
149,Wayne State,Detroit,MI,Urban,Public,42.35456606,-83.05557467,MD,wayne.jpeg,10386.0,18.8,53.9,81.2,46.1,304.0,57.6,51.3,42.4,2.93,48.7,129.0,14.0,48.1,86.0,51.2,6.0,16.7,16.7,83.3,4.65,83.3
150,West Virginia,Morgantown,WV,Rural,Public,39.65501132,-79.9581012,MD,wvu.png,5061.0,4.2,49.9,95.8,50.1,112.0,57.1,50.9,42.9,2.21,49.1,65.0,10.8,43.1,89.2,55.4,4.0,25.0,25.0,75.0,6.15,75.0
151,Western Michigan,Kalamazoo,MI,Suburban,Public,42.29025249,-85.57937098,MD,wmich.png,4342.0,30.0,52.8,70.0,47.2,84.0,33.3,51.2,66.7,1.93,48.8,21.0,38.1,42.9,61.9,52.4,0.0,0.0,0.0,0.0,0.0,0.0
152,Wisconsin,Madison,WI,Urban,Public,43.07773828,-89.43023392,MD,wisconsin.png,6415.0,12.1,51.4,87.9,48.5,171.0,71.3,59.6,28.7,2.67,40.4,394.0,7.9,45.4,92.1,54.3,11.0,0.0,45.5,100.0,2.79,54.5
153,Wright State,Dayton,OH,Suburban,Public,39.78038044,-84.06156414,MD,wright.png,8974.0,14.4,55.8,85.6,44.1,128.0,83.6,54.7,16.4,1.43,45.3,84.0,21.4,54.8,78.6,45.2,0.0,0.0,0.0,0.0,0.0,0.0
154,Yale,New Haven,CT,Urban,Private,41.30335088,-72.93391272,MD,yale.png,7254.0,4.0,50.6,96.0,49.3,104.0,6.7,50.0,93.3,1.43,50.0,753.0,3.3,45.6,96.7,54.2,19.0,5.3,42.1,94.7,2.52,57.9
155,Hofstra,Hempstead,NY,Suburban,Private,40.7177697,-73.5979512,MD,hofstra.png,6089.0,30.2,53.9,69.8,46.0,99.0,50.5,52.5,49.5,1.63,47.5,134.0,29.9,41.8,70.1,56.7,4.0,50.0,75.0,50.0,2.99,25.0
156,A.T. Still - Kirksville,Kirksville,MO,Rural,Private,40.19325745,-92.58912864,DO,atsu-kirks.png,,,,,,,,,,,,,,,,,,,,,,
157,A.T. Still - Arizona,Mesa,AZ,Suburban,Private,33.3828239,-111.7048746,DO,atsu-az.png,,,,,,,,,,,,,,,,,,,,,,
158,Alabama COM,Dothan,AL,Suburban,Private,31.2060762,-85.34099391,DO,acom.jpeg,,,,,,,,,,,,,,,,,,,,,,
159,Midwestern - Arizona,Glendale,AZ,Suburban,Private,33.66375185,-112.1825484,DO,azcom.jpeg,,,,,,,,,,,,,,,,,,,,,,
160,Arkansas COM,Fort Smith,AR,Rural,Private,35.31723317,-94.31916117,DO,arkansascom.jpeg,,,,,,,,,,,,,,,,,,,,,,
161,Burrell COM,Las Cruces,NM,Suburban,Private,32.27796356,-106.7377562,DO,burrellcom.png,,,,,,,,,,,,,,,,,,,,,,
162,California Health Sciences,Clovis,CA,Suburban,Private,36.8441121,-119.6675491,DO,chsu.png,,,,,,,,,,,,,,,,,,,,,,
163,Campbell,Lillington,NC,Rural,Private,35.40588611,-78.75545268,DO,campbell.jpeg,,,,,,,,,,,,,,,,,,,,,,
164,Midwestern - Chicago,Downers Grove,IL,Suburban,Private,41.82801827,-87.99946897,DO,midwestern.jpeg,,,,,,,,,,,,,,,,,,,,,,
165,Des Moines,Des Moines,IA,Urban,Private,41.58343887,-93.66286074,DO,dmu.jpeg,,,,,,,,,,,,,,,,,,,,,,
166,Edward Via - Auburn,Auburn,AL,Suburban,Private,32.58946981,-85.49121516,DO,vcom-auburn.png,,,,,,,,,,,,,,,,,,,,,,
167,Edward Via - Carolinas,Spartansburg,SC,Suburban,Private,34.95460446,-81.94023273,DO,vcom-carolinas.png,,,,,,,,,,,,,,,,,,,,,,
168,Edward Via - Louisiana,Monroe,LA,Rural,Private,32.52834414,-92.06667727,DO,vcom-la.png,,,,,,,,,,,,,,,,,,,,,,
169,Edward Via - Virginia,Blacksburg,VA,Suburban,Private,37.19979499,-80.40588224,DO,vcom-va.png,,,,,,,,,,,,,,,,,,,,,,
170,Idaho COM,Meridian,ID,Urban,Private,43.59467591,-116.3767157,DO,icom.jpeg,,,,,,,,,,,,,,,,,,,,,,
171,Kansas City University COM,Kansas City,MO,Urban,Private,39.10741508,-94.56097594,DO,kcu-com.png,,,,,,,,,,,,,,,,,,,,,,
172,Kansas COM,Wichita,KS,Urban,Private,37.684441,-97.33458023,DO,kansascom.png,,,,,,,,,,,,,,,,,,,,,,
173,Lake Erie,Erie,PA,Suburban,Private,42.08021452,-80.10543462,DO,lecom.png,,,,,,,,,,,,,,,,,,,,,,
174,Liberty,Lynchburg,VA,Rural,Private,37.33732494,-79.17964694,DO,lucom.jpeg,,,,,,,,,,,,,,,,,,,,,,
175,Lincoln Memorial,Harrogate,TN,Rural,Private,36.57590407,-83.66011621,DO,lmu-dcom.jpeg,,,,,,,,,,,,,,,,,,,,,,
176,Marian,Indianapolis,IN,Urban,Private,39.81097907,-86.20288087,DO,marian.jpeg,,,,,,,,,,,,,,,,,,,,,,
177,Michigan State COM,East Lansing,MI,Urban,Public,42.72233662,-84.46409837,DO,msucom.png,,,,,,,,,,,,,,,,,,,,,,
178,New York Institute of Technology,Old Westbury,NY,Urban,Private,40.8095165,-73.60552735,DO,nyitcom.png,,,,,,,,,,,,,,,,,,,,,,
179,Noorda,Provo,UT,Suburban,Private,40.21163916,-111.6539733,DO,noorda.png,,,,,,,,,,,,,,,,,,,,,,
180,Nova Southeastern COM,For Lauderdale,FL,Suburban,Private,26.08181983,-80.24970013,DO,nsu.png,,,,,,,,,,,,,,,,,,,,,,
181,Ohio University,Athens,OH,Urban,Public,39.32923397,-82.10878921,DO,ou-hcom.jpeg,,,,,,,,,,,,,,,,,,,,,,
182,Oklahoma State,Tulsa,OK,Urban,Public,36.1382576,-96.00553444,DO,osu-com.jpeg,,,,,,,,,,,,,,,,,,,,,,
183,Pacific Northwest,Yakima,WA,Suburban,Private,46.60292761,-120.4558997,DO,pnwu-com.png,,,,,,,,,,,,,,,,,,,,,,
184,Philadelphia COM,Philadelphia,PA,Urban,Private,40.00538069,-75.21640861,DO,pcom.png,,,,,,,,,,,,,,,,,,,,,,
185,Philadelphia COM - Georgia,Suwanee,GA,Suburban,Private,34.01020481,-84.0609436,DO,pcom-ga.png,,,,,,,,,,,,,,,,,,,,,,
186,Rocky Vista,Parker,CO,Suburban,Private,39.56345284,-104.8150721,DO,rvucom.jpeg,,,,,,,,,,,,,,,,,,,,,,
187,Rowan,Stratford,NJ,Suburban,Private,39.83066054,-75.00679057,DO,rowan.png,,,,,,,,,,,,,,,,,,,,,,
188,Sam Houston,Conroe,TX,Suburban,Public,30.26715287,-95.45885167,DO,shsu-com.png,,,,,,,,,,,,,,,,,,,,,,
189,Tuoro - New York,New York,NY,Urban,Private,40.80906462,-73.95000935,DO,tuoro-ny.png,,,,,,,,,,,,,,,,,,,,,,
190,Tuoro - California,Vallejo,CA,Suburban,Private,38.08546368,-122.263922,DO,tuoro-ca.png,,,,,,,,,,,,,,,,,,,,,,
191,Tuoro - Nevada,Henderson,NV,Suburban,Private,36.04333978,-115.0240654,DO,tuoro-nv.png,,,,,,,,,,,,,,,,,,,,,,
192,New England,Biddeford,ME,Rural,Private,43.45798852,-70.38694865,DO,une-com.png,,,,,,,,,,,,,,,,,,,,,,
193,North Texas,Fort Worth,TX,Suburban,Public,32.74980618,-97.36956297,DO,unthsc-tcom.jpeg,,,,,,,,,,,,,,,,,,,,,,
194,Kentucky COM,Pikeville,KY,Suburban,Private,37.47920485,-82.52037974,DO,kycom.jpeg,,,,,,,,,,,,,,,,,,,,,,
195,Incarnate Word,San Antonio,TX,Urban,Private,29.34983381,-98.45380106,DO,uiwsom.png,,,,,,,,,,,,,,,,,,,,,,
196,West Virginia SOM,Lewisburg,WV,Rural,Public,37.80410899,-80.43816216,DO,wvsom.jpeg,,,,,,,,,,,,,,,,,,,,,,
197,Western University,Pomona,CA,Urban,Private,34.0582521,-117.7474604,DO,western.jpeg,,,,,,,,,,,,,,,,,,,,,,
198,William Carey,Hattiesburg,MS,Rural,Private,31.3060013,-89.29302833,DO,wcu-com.png,,,,,,,,,,,,,,,,,,,,,,